{"model_mtime": 1775843125.6673148, "threshold": 0.89, "pf": 1.0225922305538797, "n": 53, "total": 149, "p_inf": -3080.715282, "p_sup": 1678.587432}