{"model_mtime": 1772202065.3775604, "threshold": 0.54, "pf": 2.3269243860402273, "n": 235, "total": 248, "p_inf": -208.086823, "p_sup": 466.172243}