{"model_mtime": 1775844509.948406, "threshold": 0.78, "pf": 2.3667730572310686, "n": 187, "total": 248, "p_inf": -231.279318, "p_sup": 471.365575}