{"model_mtime": 1775844275.098973, "threshold": 0.61, "pf": 0.24804090397565434, "n": 858, "total": 923, "p_inf": -72.636777, "p_sup": 18.05324}