{"model_mtime": 1775843758.9397974, "threshold": 0.7, "pf": 0.8366882686189921, "n": 621, "total": 783, "p_inf": -146.287292, "p_sup": 105.794911}