{"model_mtime": 1775842914.0744743, "threshold": 0.35, "pf": 0.9637083928051036, "n": 713, "total": 714, "p_inf": -39.536828, "p_sup": 34.575555}