{"model_mtime": 1775744437.653455, "threshold": 0.92, "pf": 2.5803623083103067, "n": 180, "total": 646, "p_inf": -35.507874, "p_sup": 58.565245}