{"model_mtime": 1775744418.4541876, "threshold": 0.35, "pf": 0.9670443751586603, "n": 710, "total": 714, "p_inf": -42.595785, "p_sup": 30.951733}