{"model_mtime": 1775845372.3926868, "threshold": 0.66, "pf": 1.465138474009975, "n": 247, "total": 280, "p_inf": -429.02674, "p_sup": 436.755609}