{"model_mtime": 1775744723.895179, "threshold": 0.36, "pf": 0.7454389143311606, "n": 779, "total": 783, "p_inf": -129.099229, "p_sup": 106.305741}