{"model_mtime": 1771941402.479346, "threshold": 0.75, "pf": 2.808272286390634, "n": 350, "total": 490, "p_inf": -212.099253, "p_sup": 669.341821}