{"model_mtime": 1775843445.7821243, "threshold": 0.35, "pf": 2.3138921337143805, "n": 646, "total": 646, "p_inf": -31.215542, "p_sup": 59.927668}