{"model_mtime": 1775845572.538777, "threshold": 0.64, "pf": 2.477268345563239, "n": 406, "total": 490, "p_inf": -282.764971, "p_sup": 618.900776}