{"model_mtime": 1773173986.5341873, "threshold": 0.91, "pf": 1.1015128867851094, "n": 39, "total": 149, "p_inf": -3297.236183, "p_sup": 1684.959807}