{"model_mtime": 1771594169.2108862, "threshold": 0.72, "pf": 1.5135962282411797, "n": 244, "total": 280, "p_inf": -373.647389, "p_sup": 454.417673}