{"model_mtime": 1775744730.9617074, "threshold": 0.92, "pf": 0.34852014120186264, "n": 362, "total": 923, "p_inf": -74.878336, "p_sup": 16.936874}